startingAirport,destinationAirport,flight_day_of_week,w1
ATL,BOS,0,-2.071281041767064
ATL,BOS,1,-57.68395038296367
ATL,BOS,2,-49.098614545107736
ATL,BOS,3,-16.123880667761853
ATL,BOS,4,15.981498638216586
ATL,BOS,5,30.42804134853631
ATL,BOS,6,78.56818665167114
ATL,CLT,0,5.165484036951981
ATL,CLT,1,-29.31429671518706
ATL,CLT,2,-21.154700330843575
ATL,CLT,3,13.764410404115617
ATL,CLT,4,15.217449014085693
ATL,CLT,5,-11.385476702266152
ATL,CLT,6,27.707130293710673
ATL,DEN,0,10.923851564748395
ATL,DEN,1,-30.654192817902043
ATL,DEN,2,-15.970175192979431
ATL,DEN,3,8.793202561218282
ATL,DEN,4,-1.1530353485780942
ATL,DEN,5,-26.623784063316172
ATL,DEN,6,54.684133297737034
ATL,DFW,0,35.392436535456206
ATL,DFW,1,-42.51834233917326
ATL,DFW,2,-36.187133025925355
ATL,DFW,3,4.2983965417627825
ATL,DFW,4,-2.952278556802833
ATL,DFW,5,-24.052848366774533
ATL,DFW,6,66.0197692124592
ATL,DTW,0,4.947273872408416
ATL,DTW,1,-49.52255001211325
ATL,DTW,2,-28.65771683822856
ATL,DTW,3,-0.12269882682548322
ATL,DTW,4,28.624368149943
ATL,DTW,5,2.140950679673479
ATL,DTW,6,42.59037297586194
ATL,EWR,0,16.71948556455736
ATL,EWR,1,-45.59053158608869
ATL,EWR,2,-43.846102205276495
ATL,EWR,3,-16.507097467846425
ATL,EWR,4,4.695286819594235
ATL,EWR,5,13.524532108776292
ATL,EWR,6,71.00442676700763
ATL,IAD,0,0.7641438844360151
ATL,IAD,1,-33.34781079955007
ATL,IAD,2,-15.578238448495364
ATL,IAD,3,7.302071700067584
ATL,IAD,4,5.107623537088293
ATL,IAD,5,-17.69754496320428
ATL,IAD,6,53.44975509052096
ATL,JFK,0,-0.9425438310402331
ATL,JFK,1,-30.910987301925484
ATL,JFK,2,-30.507691762195975
ATL,JFK,3,-17.59449669316241
ATL,JFK,4,13.316048152434576
ATL,JFK,5,6.1294755919590225
ATL,JFK,6,60.510195844684716
ATL,LAX,0,7.557296683401044
ATL,LAX,1,-38.806910792520576
ATL,LAX,2,-19.97657900187074
ATL,LAX,3,3.671163917201931
ATL,LAX,4,-2.3314971072142403
ATL,LAX,5,-17.09984728906268
ATL,LAX,6,66.98637359102955
ATL,LGA,0,8.739436641257976
ATL,LGA,1,-47.9057217163956
ATL,LGA,2,-49.0009581483875
ATL,LGA,3,-21.164851600545163
ATL,LGA,4,11.458080034881748
ATL,LGA,5,17.80372136599943
ATL,LGA,6,80.07029342403965
ATL,MIA,0,-11.256136190552956
ATL,MIA,1,-60.532059913064806
ATL,MIA,2,-41.02369333508336
ATL,MIA,3,31.324825681223484
ATL,MIA,4,37.96101894404769
ATL,MIA,5,1.3494441311713894
ATL,MIA,6,42.1766006830982
ATL,OAK,0,14.365090987366026
ATL,OAK,1,-60.9780257281317
ATL,OAK,2,-34.16671489779711
ATL,OAK,3,-6.106425128691697
ATL,OAK,4,15.641001130245538
ATL,OAK,5,-24.432784829063262
ATL,OAK,6,95.67785846752071
ATL,ORD,0,5.381493767741873
ATL,ORD,1,-54.379994751889036
ATL,ORD,2,-29.716663934673917
ATL,ORD,3,23.941335564780058
ATL,ORD,4,23.250085850987496
ATL,ORD,5,-15.363691552112435
ATL,ORD,6,46.887435056075304
ATL,PHL,0,8.271380552708605
ATL,PHL,1,-56.53362554245989
ATL,PHL,2,-44.33511464022427
ATL,PHL,3,0.056257485184271344
ATL,PHL,4,13.147189916604534
ATL,PHL,5,-9.113910773506232
ATL,PHL,6,88.5078230029104
ATL,SFO,0,6.969559459425543
ATL,SFO,1,-47.11960165725321
ATL,SFO,2,-35.80163175907605
ATL,SFO,3,-8.565580501511437
ATL,SFO,4,-19.983300694642622
ATL,SFO,5,-5.4827090693146125
ATL,SFO,6,109.98326422367356
BOS,ATL,0,-9.719211440914208
BOS,ATL,1,-35.151631541576286
BOS,ATL,2,-34.2418837328168
BOS,ATL,3,6.1479860693335375
BOS,ATL,4,19.41856021768872
BOS,ATL,5,18.372740750962365
BOS,ATL,6,35.17343967783641
BOS,CLT,0,-12.962910851154094
BOS,CLT,1,-57.768283115812835
BOS,CLT,2,-47.22914220224287
BOS,CLT,3,4.996996510671671
BOS,CLT,4,35.28556391905334
BOS,CLT,5,29.784944774061643
BOS,CLT,6,47.89283096608397
BOS,DEN,0,4.076726956112202
BOS,DEN,1,-35.25853879542941
BOS,DEN,2,-28.075260904824066
BOS,DEN,3,6.206215237762961
BOS,DEN,4,1.669684806157652
BOS,DEN,5,-2.4260729574955393
BOS,DEN,6,53.80724565841675
BOS,DFW,0,27.077427051678157
BOS,DFW,1,-37.06397600291047
BOS,DFW,2,-39.37807818122634
BOS,DFW,3,-14.854635753905427
BOS,DFW,4,-8.498905121253221
BOS,DFW,5,1.617339544272465
BOS,DFW,6,71.10082846408554
BOS,DTW,0,6.589462825734971
BOS,DTW,1,-46.02545534736341
BOS,DTW,2,-51.85459153375082
BOS,DTW,3,2.20183683662109
BOS,DTW,4,37.4838121976245
BOS,DTW,5,9.949552400212866
BOS,DTW,6,41.65538262159881
BOS,EWR,0,-37.807534914813296
BOS,EWR,1,-48.54139392010051
BOS,EWR,2,-21.662050426276902
BOS,EWR,3,-26.97934213094914
BOS,EWR,4,18.99148407205654
BOS,EWR,5,77.74959405519705
BOS,EWR,6,38.249243265553126
BOS,IAD,0,-0.43155060195774253
BOS,IAD,1,-56.90189703784421
BOS,IAD,2,-48.10013069012972
BOS,IAD,3,-11.504499774140273
BOS,IAD,4,25.090988893304928
BOS,IAD,5,24.923954254770265
BOS,IAD,6,66.92313495676163
BOS,JFK,0,-16.19563066718309
BOS,JFK,1,-22.658564858691264
BOS,JFK,2,-4.4664976696161025
BOS,JFK,3,-0.41967223692549743
BOS,JFK,4,13.654144043367694
BOS,JFK,5,12.143046469241288
BOS,JFK,6,17.943174920102578
BOS,LAX,0,9.517490655009375
BOS,LAX,1,-38.86336136718367
BOS,LAX,2,-31.50636158509947
BOS,LAX,3,-5.305952634185192
BOS,LAX,4,-16.689003963674462
BOS,LAX,5,4.0454319733290065
BOS,LAX,6,78.8017569226522
BOS,LGA,0,-29.877644239612664
BOS,LGA,1,-30.690660877312194
BOS,LGA,2,-25.241077360636393
BOS,LGA,3,-24.765252222130986
BOS,LGA,4,-5.678380647157432
BOS,LGA,5,107.03739027536324
BOS,LGA,6,9.215625072648457
BOS,MIA,0,-27.314357389043742
BOS,MIA,1,-59.21062916773289
BOS,MIA,2,-38.13185391930246
BOS,MIA,3,29.777728816944414
BOS,MIA,4,47.52048667579904
BOS,MIA,5,22.41703987723203
BOS,MIA,6,24.9415851067698
BOS,OAK,0,-8.553063891402639
BOS,OAK,1,-38.35942210544046
BOS,OAK,2,-40.32425569706199
BOS,OAK,3,2.2700516115222062
BOS,OAK,4,12.930583925176732
BOS,OAK,5,-32.72220224045348
BOS,OAK,6,104.75830839938845
BOS,ORD,0,-5.606923251241392
BOS,ORD,1,-39.68775872181831
BOS,ORD,2,-39.79784647565994
BOS,ORD,3,11.032659858615308
BOS,ORD,4,24.366169014886836
BOS,ORD,5,1.9335724327760735
BOS,ORD,6,47.76012714319462
BOS,PHL,0,-15.225675787914238
BOS,PHL,1,-13.313513233108196
BOS,PHL,2,-25.682290287125642
BOS,PHL,3,-1.5559395053071463
BOS,PHL,4,14.98537504509162
BOS,PHL,5,9.22466801300811
BOS,PHL,6,31.56737575591334
BOS,SFO,0,37.272653164589485
BOS,SFO,1,-44.55337598491152
BOS,SFO,2,-60.78732156408688
BOS,SFO,3,-21.000502728093014
BOS,SFO,4,-24.62573359406894
BOS,SFO,5,-2.792740661267655
BOS,SFO,6,116.48702136910377
CLT,ATL,0,6.7319659382922525
CLT,ATL,1,-14.211235070889822
CLT,ATL,2,-17.099867769832837
CLT,ATL,3,1.6874363065018385
CLT,ATL,4,5.43468970748658
CLT,ATL,5,-2.6909801569778953
CLT,ATL,6,20.147991045725725
CLT,BOS,0,19.436781463263223
CLT,BOS,1,-80.66582898185942
CLT,BOS,2,-72.8297742326848
CLT,BOS,3,-29.529144226808302
CLT,BOS,4,9.852182643047906
CLT,BOS,5,40.14684612226231
CLT,BOS,6,113.58893721383282
CLT,DEN,0,28.594637744439755
CLT,DEN,1,-49.52940840577221
CLT,DEN,2,-38.527471213677536
CLT,DEN,3,15.3635363699152
CLT,DEN,4,0.6245028718505417
CLT,DEN,5,-34.97188959691536
CLT,DEN,6,78.44609223146789
CLT,DFW,0,53.89309766829553
CLT,DFW,1,-45.36156904777566
CLT,DFW,2,-45.24057059515987
CLT,DFW,3,1.8068551609048873
CLT,DFW,4,9.768902087965946
CLT,DFW,5,-50.77273463871358
CLT,DFW,6,75.90601936592238
CLT,DTW,0,18.215537380266166
CLT,DTW,1,-39.29243789710841
CLT,DTW,2,-42.09766009693551
CLT,DTW,3,-3.3740699528747493
CLT,DTW,4,19.78708220665796
CLT,DTW,5,2.5084047447756297
CLT,DTW,6,44.2531436158507
CLT,EWR,0,13.811661220976347
CLT,EWR,1,-39.26301081318615
CLT,EWR,2,-39.84178356470401
CLT,EWR,3,-8.027203112214988
CLT,EWR,4,8.616663129993873
CLT,EWR,5,7.980325862892713
CLT,EWR,6,56.72334727688391
CLT,IAD,0,12.177836413016335
CLT,IAD,1,-50.7649755800521
CLT,IAD,2,-50.507810638487314
CLT,IAD,3,-10.715068926054826
CLT,IAD,4,19.293678583820853
CLT,IAD,5,-10.107109926520693
CLT,IAD,6,90.62345007555334
CLT,JFK,0,4.723146610615082
CLT,JFK,1,-30.925121280142193
CLT,JFK,2,-30.748039981828384
CLT,JFK,3,-7.6357830785541845
CLT,JFK,4,11.1231686052697
CLT,JFK,5,4.573923037022151
CLT,JFK,6,48.88870608821519
CLT,LAX,0,22.869602842633068
CLT,LAX,1,-49.26129645219459
CLT,LAX,2,-38.559605499581934
CLT,LAX,3,-0.614518300319995
CLT,LAX,4,-7.8511210994662655
CLT,LAX,5,-14.444425087903834
CLT,LAX,6,87.86136359796879
CLT,LGA,0,8.660432058990487
CLT,LGA,1,-36.280660448593856
CLT,LGA,2,-39.8466565211285
CLT,LGA,3,-11.269108936159924
CLT,LGA,4,8.466910984081654
CLT,LGA,5,15.83902449353716
CLT,LGA,6,54.430058369832636
CLT,MIA,0,-6.895473711275071
CLT,MIA,1,-55.26075975513986
CLT,MIA,2,-36.73370388490761
CLT,MIA,3,21.89428616295236
CLT,MIA,4,47.68222158299771
CLT,MIA,5,-2.8269187405143423
CLT,MIA,6,32.1403483467122
CLT,OAK,0,56.885884289568175
CLT,OAK,1,-56.09660591691089
CLT,OAK,2,-54.676317643446886
CLT,OAK,3,5.674699354943086
CLT,OAK,4,-0.12468519810606542
CLT,OAK,5,-52.94307695105446
CLT,OAK,6,101.28010206671178
CLT,ORD,0,5.505912159140599
CLT,ORD,1,-51.21225832670894
CLT,ORD,2,-35.995560805275446
CLT,ORD,3,14.940370338617033
CLT,ORD,4,23.181410022580593
CLT,ORD,5,-21.050467319414974
CLT,ORD,6,64.63059393220065
CLT,PHL,0,31.428046341665095
CLT,PHL,1,-72.71327084077294
CLT,PHL,2,-57.14022517344532
CLT,PHL,3,5.935360093294557
CLT,PHL,4,37.54889025240775
CLT,PHL,5,-13.30903592977465
CLT,PHL,6,68.25023525788887
CLT,SFO,0,27.112071938676877
CLT,SFO,1,-56.39916588177137
CLT,SFO,2,-52.2202997742615
CLT,SFO,3,-9.685330145724539
CLT,SFO,4,-14.042249389967955
CLT,SFO,5,-50.54678670033048
CLT,SFO,6,155.78175995565658
DEN,ATL,0,1.3603734254611033
DEN,ATL,1,-31.971183583360705
DEN,ATL,2,-10.943835591621115
DEN,ATL,3,10.136018138997985
DEN,ATL,4,7.658178970208507
DEN,ATL,5,-24.70430840186484
DEN,ATL,6,48.4647570430769
DEN,BOS,0,8.22207245346364
DEN,BOS,1,-57.46927202113937
DEN,BOS,2,-39.7877588791656
DEN,BOS,3,4.6284247365218985
DEN,BOS,4,12.691537692215528
DEN,BOS,5,-1.7940568814282634
DEN,BOS,6,73.50905290050437
DEN,CLT,0,6.744762863552281
DEN,CLT,1,-52.45061612950136
DEN,CLT,2,-36.07854330918224
DEN,CLT,3,25.276174410861728
DEN,CLT,4,19.254718367989057
DEN,CLT,5,-24.15756842850019
DEN,CLT,6,61.41107222592261
DEN,DFW,0,45.153224477673206
DEN,DFW,1,-13.987638940784606
DEN,DFW,2,-35.954995648167746
DEN,DFW,3,4.0202045520377885
DEN,DFW,4,-10.10189854210947
DEN,DFW,5,-23.089501223682664
DEN,DFW,6,33.960605325732466
DEN,DTW,0,14.644172501681334
DEN,DTW,1,-31.621889686558877
DEN,DTW,2,-19.8886502833787
DEN,DTW,3,9.564102050884037
DEN,DTW,4,5.037433596724878
DEN,DTW,5,-24.488308626453453
DEN,DTW,6,46.753140447939224
DEN,EWR,0,10.033312645805339
DEN,EWR,1,-52.60791001593253
DEN,EWR,2,-47.71580627937555
DEN,EWR,3,-5.832823309094254
DEN,EWR,4,5.740604581207763
DEN,EWR,5,-10.549168506733437
DEN,EWR,6,100.93179088546046
DEN,IAD,0,22.634907518632644
DEN,IAD,1,-67.48494601142575
DEN,IAD,2,-54.70755419228356
DEN,IAD,3,8.86461590100006
DEN,IAD,4,25.114996963450672
DEN,IAD,5,-28.090795363580746
DEN,IAD,6,93.66877518574513
DEN,JFK,0,-1.0751006748378469
DEN,JFK,1,-22.741247104658186
DEN,JFK,2,-14.971317728889318
DEN,JFK,3,-3.408266790116294
DEN,JFK,4,10.864621422339937
DEN,JFK,5,2.9209788806207633
DEN,JFK,6,28.410331995914802
DEN,LAX,0,3.0283392827968107
DEN,LAX,1,-40.6274454552599
DEN,LAX,2,-32.65774371593807
DEN,LAX,3,16.610443312308277
DEN,LAX,4,14.59132471096229
DEN,LAX,5,-23.280279494591387
DEN,LAX,6,62.33536136081965
DEN,LGA,0,11.929032867518474
DEN,LGA,1,-48.887372185334975
DEN,LGA,2,-49.84104923394584
DEN,LGA,3,-3.7264110728157336
DEN,LGA,4,0.6487821779026841
DEN,LGA,5,19.550890338101055
DEN,LGA,6,70.32612710930448
DEN,MIA,0,-17.022937829573234
DEN,MIA,1,-61.52037229962396
DEN,MIA,2,-16.64834155254312
DEN,MIA,3,45.17420270909376
DEN,MIA,4,39.53209166400772
DEN,MIA,5,-15.44041724072321
DEN,MIA,6,25.92577455019886
DEN,OAK,0,6.210632544948673
DEN,OAK,1,-49.1426372421558
DEN,OAK,2,-34.19432498455655
DEN,OAK,3,2.9718395274808227
DEN,OAK,4,7.777479452087451
DEN,OAK,5,3.178300727094672
DEN,OAK,6,63.19870997587414
DEN,ORD,0,29.489289779466837
DEN,ORD,1,-42.247310108373945
DEN,ORD,2,-29.536460493357605
DEN,ORD,3,19.534433091625477
DEN,ORD,4,15.740548248987237
DEN,ORD,5,-48.064727406309125
DEN,ORD,6,55.084226889219195
DEN,PHL,0,4.316351713694697
DEN,PHL,1,-56.559752175039975
DEN,PHL,2,-40.788219174048066
DEN,PHL,3,15.17731686768982
DEN,PHL,4,27.960662511243996
DEN,PHL,5,-14.215505890296647
DEN,PHL,6,64.10914614785099
DEN,SFO,0,11.63095133959915
DEN,SFO,1,-41.37931387986883
DEN,SFO,2,-34.378103010144045
DEN,SFO,3,11.601919645133643
DEN,SFO,4,-7.4313085437649615
DEN,SFO,5,-21.425291928334005
DEN,SFO,6,81.38114637856381
DFW,ATL,0,5.151090153416797
DFW,ATL,1,-41.237587490921804
DFW,ATL,2,-17.64106911926386
DFW,ATL,3,22.390348300412757
DFW,ATL,4,22.844749035362437
DFW,ATL,5,-39.20554083088059
DFW,ATL,6,47.69800995301537
DFW,BOS,0,-4.488259949322397
DFW,BOS,1,-71.16065443352915
DFW,BOS,2,-49.867619029603254
DFW,BOS,3,-3.1398733954013536
DFW,BOS,4,6.385416277416491
DFW,BOS,5,31.595260715143933
DFW,BOS,6,90.6757298162393
DFW,CLT,0,-0.3085416180329056
DFW,CLT,1,-66.75392962965721
DFW,CLT,2,-36.63363539423214
DFW,CLT,3,38.22074049424996
DFW,CLT,4,30.352579189697384
DFW,CLT,5,-44.078800476506544
DFW,CLT,6,79.2015874361242
DFW,DEN,0,-5.944422316451266
DFW,DEN,1,-15.380027667910236
DFW,DEN,2,10.386886039227031
DFW,DEN,3,4.930669237064046
DFW,DEN,4,8.500091081133302
DFW,DEN,5,-35.60623972733545
DFW,DEN,6,33.11304335512124
DFW,DTW,0,4.1586820664794875
DFW,DTW,1,-44.148678161886316
DFW,DTW,2,-25.506823889661103
DFW,DTW,3,15.322482253030348
DFW,DTW,4,18.672185200665478
DFW,DTW,5,-20.296667909544553
DFW,DTW,6,51.79882044187398
DFW,EWR,0,7.804385984822673
DFW,EWR,1,-65.46917385935905
DFW,EWR,2,-37.76937598061269
DFW,EWR,3,9.651758564632674
DFW,EWR,4,15.60376728812046
DFW,EWR,5,-20.054739291536844
DFW,EWR,6,90.23337729530746
DFW,IAD,0,-10.959895054274739
DFW,IAD,1,-59.51414295674069
DFW,IAD,2,-36.813037368367986
DFW,IAD,3,17.976149806037768
DFW,IAD,4,15.18672525079598
DFW,IAD,5,-36.69982707311129
DFW,IAD,6,110.82402739750785
DFW,JFK,0,15.715479884942244
DFW,JFK,1,-49.274434046463064
DFW,JFK,2,-37.49835232136144
DFW,JFK,3,14.652074179465876
DFW,JFK,4,2.0225426794562313
DFW,JFK,5,-10.431358682718532
DFW,JFK,6,64.8140483076082
DFW,LAX,0,-2.7966423997846097
DFW,LAX,1,-21.637291534274723
DFW,LAX,2,-17.531256470714002
DFW,LAX,3,12.79216771230257
DFW,LAX,4,8.882722861094818
DFW,LAX,5,-27.709961210582513
DFW,LAX,6,48.00026104290365
DFW,LGA,0,4.875984112285797
DFW,LGA,1,-59.55101350697133
DFW,LGA,2,-48.281266329235294
DFW,LGA,3,1.5770676410016382
DFW,LGA,4,20.163545279008524
DFW,LGA,5,19.460066975624787
DFW,LGA,6,61.755615828992156
DFW,MIA,0,-28.143405477841494
DFW,MIA,1,-60.2362505661067
DFW,MIA,2,-21.587009940270008
DFW,MIA,3,45.70717667287966
DFW,MIA,4,54.70649006222831
DFW,MIA,5,-19.552026735377073
DFW,MIA,6,29.105025985522907
DFW,OAK,0,-10.00147886325822
DFW,OAK,1,-30.404447908135214
DFW,OAK,2,-12.803961336816522
DFW,OAK,3,-0.3041478131283327
DFW,OAK,4,19.446814044196838
DFW,OAK,5,-12.66778090788347
DFW,OAK,6,46.73500278584354
DFW,ORD,0,0.15207404492307283
DFW,ORD,1,-51.905160086005914
DFW,ORD,2,-4.061242964109231
DFW,ORD,3,43.28430669208194
DFW,ORD,4,27.397330061472065
DFW,ORD,5,-60.15960996454994
DFW,ORD,6,45.29230221760351
DFW,PHL,0,7.257120835990507
DFW,PHL,1,-72.76870373703687
DFW,PHL,2,-41.83036617121044
DFW,PHL,3,31.40873730756819
DFW,PHL,4,29.796071545973295
DFW,PHL,5,-35.43344783917051
DFW,PHL,6,81.57058805944489
DFW,SFO,0,-11.542418841557755
DFW,SFO,1,-46.39316418090215
DFW,SFO,2,-32.73241839800544
DFW,SFO,3,15.36036648907887
DFW,SFO,4,-2.4208677911082006
DFW,SFO,5,-15.55743644426074
DFW,SFO,6,93.28593916812764
DTW,ATL,0,-13.429610081487814
DTW,ATL,1,-34.882175631824886
DTW,ATL,2,-24.595712351092768
DTW,ATL,3,-3.5167489953035638
DTW,ATL,4,32.89501278241319
DTW,ATL,5,7.933980011843989
DTW,ATL,6,35.59525426605195
DTW,BOS,0,-2.1708365949672968
DTW,BOS,1,-61.88684400291157
DTW,BOS,2,-56.00166066671949
DTW,BOS,3,-9.373593789465094
DTW,BOS,4,25.207808257973447
DTW,BOS,5,22.008950586348444
DTW,BOS,6,82.2161762107003
DTW,CLT,0,-4.740436543167804
DTW,CLT,1,-43.74497940523855
DTW,CLT,2,-35.41967482956222
DTW,CLT,3,13.81049289758975
DTW,CLT,4,30.482715292422768
DTW,CLT,5,2.417089780754268
DTW,CLT,6,37.194792807858775
DTW,DEN,0,0.051282575906546085
DTW,DEN,1,-36.30748505678214
DTW,DEN,2,-17.0320003956054
DTW,DEN,3,29.57934327127399
DTW,DEN,4,10.817282532527495
DTW,DEN,5,-29.703576952336864
DTW,DEN,6,42.59515402596074
DTW,DFW,0,29.043373390585415
DTW,DFW,1,-17.895016024599425
DTW,DFW,2,-30.619784205302896
DTW,DFW,3,2.971790626374688
DTW,DFW,4,21.42822323062017
DTW,DFW,5,-26.379311126418788
DTW,DFW,6,21.4507241094476
DTW,EWR,0,-6.756019519396369
DTW,EWR,1,-40.563479837293706
DTW,EWR,2,-37.302563426344626
DTW,EWR,3,-7.045831407285478
DTW,EWR,4,20.9378606231139
DTW,EWR,5,10.722239256489315
DTW,EWR,6,60.00779431148788
DTW,IAD,0,-10.275189049893628
DTW,IAD,1,-49.142840346740435
DTW,IAD,2,-42.698953507587966
DTW,IAD,3,-0.003388423469173302
DTW,IAD,4,21.06264503330935
DTW,IAD,5,2.9213832495756304
DTW,IAD,6,78.13634304587579
DTW,JFK,0,-14.989881874215277
DTW,JFK,1,-33.11225481496698
DTW,JFK,2,-22.03861235213164
DTW,JFK,3,-2.4949861309848953
DTW,JFK,4,31.35913561006446
DTW,JFK,5,6.890976389202535
DTW,JFK,6,34.385623173620864
DTW,LAX,0,-3.384215854124742
DTW,LAX,1,-32.3401692101077
DTW,LAX,2,-14.902655825353861
DTW,LAX,3,12.390974364914916
DTW,LAX,4,-1.0118855744435769
DTW,LAX,5,-22.38808844167144
DTW,LAX,6,61.63604054178419
DTW,LGA,0,-8.26702818614708
DTW,LGA,1,-46.94491277611927
DTW,LGA,2,-47.08192975753986
DTW,LGA,3,-13.84486418495485
DTW,LGA,4,22.320688864277137
DTW,LGA,5,24.052137005252934
DTW,LGA,6,69.76590903606113
DTW,MIA,0,-20.217183116650432
DTW,MIA,1,-68.15585379711422
DTW,MIA,2,-44.410368894748395
DTW,MIA,3,24.610686647446315
DTW,MIA,4,51.48992947445367
DTW,MIA,5,13.015492456036432
DTW,MIA,6,43.667297231410444
DTW,OAK,0,0.6949502755473158
DTW,OAK,1,-43.35259300362945
DTW,OAK,2,-21.402224452410028
DTW,OAK,3,22.29628082987006
DTW,OAK,4,-5.092672912412105
DTW,OAK,5,-23.532115600536915
DTW,OAK,6,70.38837486469761
DTW,ORD,0,-7.95497555370487
DTW,ORD,1,-28.2924627146722
DTW,ORD,2,-8.60868151259361
DTW,ORD,3,38.15655184876451
DTW,ORD,4,28.261341641715262
DTW,ORD,5,-14.316639227969274
DTW,ORD,6,-7.245134481063969
DTW,PHL,0,-1.15262932184434
DTW,PHL,1,-54.10269265852284
DTW,PHL,2,-38.04841394342734
DTW,PHL,3,5.553492343775659
DTW,PHL,4,32.879126882563014
DTW,PHL,5,-2.142686857456579
DTW,PHL,6,57.01380355582355
DTW,SFO,0,9.74013391810858
DTW,SFO,1,-45.32810302049391
DTW,SFO,2,-30.81686641051934
DTW,SFO,3,5.2776662758014075
DTW,SFO,4,-8.837319268936815
DTW,SFO,5,-17.68486983425558
DTW,SFO,6,87.64935834149496
EWR,ATL,0,-3.982024198103664
EWR,ATL,1,-38.78367576696931
EWR,ATL,2,-34.07045734898476
EWR,ATL,3,5.42435069080301
EWR,ATL,4,22.272802457919802
EWR,ATL,5,12.31721827900283
EWR,ATL,6,36.8217858868363
EWR,BOS,0,-26.948495414850303
EWR,BOS,1,-51.59486359316627
EWR,BOS,2,-40.42199595018094
EWR,BOS,3,-26.42673378539081
EWR,BOS,4,-0.7457874126789976
EWR,BOS,5,94.81099503294199
EWR,BOS,6,51.326881124285485
EWR,CLT,0,1.0082668127026988
EWR,CLT,1,-33.24119697944295
EWR,CLT,2,-28.23572127964174
EWR,CLT,3,4.872698397551229
EWR,CLT,4,21.208684211475898
EWR,CLT,5,-2.095096846003706
EWR,CLT,6,36.48236568395276
EWR,DEN,0,10.98837205067057
EWR,DEN,1,-50.54486811715274
EWR,DEN,2,-28.632017737929843
EWR,DEN,3,13.585914947454224
EWR,DEN,4,10.108795790009511
EWR,DEN,5,-32.41605331300851
EWR,DEN,6,76.90985638127403
EWR,DFW,0,51.487250952807415
EWR,DFW,1,-43.74400227046837
EWR,DFW,2,-46.66291832902533
EWR,DFW,3,-3.189767217212591
EWR,DFW,4,11.367322797937314
EWR,DFW,5,-37.356543705553705
EWR,DFW,6,68.09865777275766
EWR,DTW,0,11.332734212366411
EWR,DTW,1,-50.94376288101133
EWR,DTW,2,-44.7033353503146
EWR,DTW,3,1.2823872978588813
EWR,DTW,4,30.544153239822528
EWR,DTW,5,10.37067358998825
EWR,DTW,6,42.11714989193417
EWR,IAD,0,2.329216583166976
EWR,IAD,1,-50.94372705827404
EWR,IAD,2,-46.372163067926266
EWR,IAD,3,-0.24401652355817283
EWR,IAD,4,28.132851534636856
EWR,IAD,5,-1.3958412278931345
EWR,IAD,6,68.49367976084999
EWR,LAX,0,14.737144591481933
EWR,LAX,1,-38.8357850286111
EWR,LAX,2,-25.840022023055923
EWR,LAX,3,7.669467980745716
EWR,LAX,4,-0.02077066367500062
EWR,LAX,5,-30.846628025091434
EWR,LAX,6,73.13659316939408
EWR,LGA,4,
EWR,MIA,0,-18.993992335278293
EWR,MIA,1,-70.8730641713704
EWR,MIA,2,-41.013994552423924
EWR,MIA,3,34.105967818950774
EWR,MIA,4,62.88239907322259
EWR,MIA,5,3.8903936793444434
EWR,MIA,6,30.00229048847939
EWR,OAK,0,2.7046610913969102
EWR,OAK,1,-43.00106565051655
EWR,OAK,2,-28.38006125337386
EWR,OAK,3,11.53493030940833
EWR,OAK,4,5.961143152668968
EWR,OAK,5,-28.512590227576958
EWR,OAK,6,79.69298257928862
EWR,ORD,0,10.457096362048206
EWR,ORD,1,-49.26901585535344
EWR,ORD,2,-37.95467458697279
EWR,ORD,3,17.006270159864414
EWR,ORD,4,37.31775878942529
EWR,ORD,5,-18.31897192905632
EWR,ORD,6,40.761537061003025
EWR,PHL,0,1.3178537675166417
EWR,PHL,1,-59.533807484527046
EWR,PHL,2,-54.17869153277901
EWR,PHL,3,14.695279737398161
EWR,PHL,4,12.311357614545551
EWR,PHL,5,10.999781251073975
EWR,PHL,6,74.38822664774644
EWR,SFO,0,27.138337696315514
EWR,SFO,1,-38.355945645935854
EWR,SFO,2,-47.287710277845136
EWR,SFO,3,-8.426880214369156
EWR,SFO,4,4.797513758094268
EWR,SFO,5,-21.980555737005627
EWR,SFO,6,84.11524042195356
IAD,ATL,0,-10.440501726944317
IAD,ATL,1,-20.57537317156554
IAD,ATL,2,-7.635086658632617
IAD,ATL,3,6.062449930755024
IAD,ATL,4,37.9360784358618
IAD,ATL,5,-15.009609652336644
IAD,ATL,6,9.662042843495174
IAD,BOS,0,-1.0510074699608485
IAD,BOS,1,-69.70963006613638
IAD,BOS,2,-72.12095092982148
IAD,BOS,3,-10.636010588421424
IAD,BOS,4,48.7198983265238
IAD,BOS,5,31.634239305111635
IAD,BOS,6,73.16346142365944
IAD,CLT,0,-0.9410596057269609
IAD,CLT,1,-47.540696222331725
IAD,CLT,2,-37.529139624927375
IAD,CLT,3,13.618140855970447
IAD,CLT,4,47.24878122241183
IAD,CLT,5,-16.236830668558056
IAD,CLT,6,41.380804044158225
IAD,DEN,0,9.593584729747429
IAD,DEN,1,-47.81292356968574
IAD,DEN,2,-31.578876480773836
IAD,DEN,3,8.819110334005765
IAD,DEN,4,18.786514616222796
IAD,DEN,5,-28.82231213033548
IAD,DEN,6,71.01490250207108
IAD,DFW,0,47.92339379101327
IAD,DFW,1,-36.22358910086806
IAD,DFW,2,-45.10586694953593
IAD,DFW,3,-4.9196713562546845
IAD,DFW,4,7.137401746320856
IAD,DFW,5,-30.061438556479334
IAD,DFW,6,61.24977042685362
IAD,DTW,0,0.594302553610934
IAD,DTW,1,-45.010440120406585
IAD,DTW,2,-36.59953684387775
IAD,DTW,3,-1.881689419967185
IAD,DTW,4,35.21215658381742
IAD,DTW,5,-5.672783201486124
IAD,DTW,6,53.357990449214185
IAD,EWR,0,7.00907052107911
IAD,EWR,1,-58.152535270174624
IAD,EWR,2,-53.68544716803642
IAD,EWR,3,-5.051106443762701
IAD,EWR,4,34.248635768172804
IAD,EWR,5,5.477794025588411
IAD,EWR,6,70.15358856812797
IAD,JFK,0,-6.892385216866423
IAD,JFK,1,-39.24001770743428
IAD,JFK,2,-31.157315556343047
IAD,JFK,3,-1.660452557204081
IAD,JFK,4,27.750291841783984
IAD,JFK,5,11.434631584412552
IAD,JFK,6,39.76524761222235
IAD,LAX,0,18.57290445393414
IAD,LAX,1,-52.29185731844368
IAD,LAX,2,-45.394179322840245
IAD,LAX,3,6.034438900738332
IAD,LAX,4,0.5163297213885439
IAD,LAX,5,-15.493800318520675
IAD,LAX,6,88.05616388495821
IAD,LGA,0,-8.7502748931106
IAD,LGA,1,-42.068834134005506
IAD,LGA,2,-41.856457317543914
IAD,LGA,3,5.565371176223542
IAD,LGA,4,37.93418656668716
IAD,LGA,5,11.595398605700725
IAD,LGA,6,37.58060999669375
IAD,MIA,0,-20.187445101291328
IAD,MIA,1,-73.31580783341434
IAD,MIA,2,-43.20437898568743
IAD,MIA,3,29.93341070436406
IAD,MIA,4,71.61332175032895
IAD,MIA,5,2.570260046829429
IAD,MIA,6,32.590639419919015
IAD,OAK,0,6.005726646766777
IAD,OAK,1,-70.98431412082712
IAD,OAK,2,-60.200757685397264
IAD,OAK,3,15.075033346544004
IAD,OAK,4,18.311372299555675
IAD,OAK,5,-18.117918073767136
IAD,OAK,6,109.91085758876262
IAD,ORD,0,7.8213814770676455
IAD,ORD,1,-51.47093909488101
IAD,ORD,2,-25.86176026273903
IAD,ORD,3,6.597562295193785
IAD,ORD,4,69.23276368066341
IAD,ORD,5,-30.4177562513921
IAD,ORD,6,24.0987481573994
IAD,PHL,0,-4.737552955611279
IAD,PHL,1,-45.12387307345777
IAD,PHL,2,-32.50417288290421
IAD,PHL,3,9.114973156103316
IAD,PHL,4,38.62037094410527
IAD,PHL,5,-8.768602908304784
IAD,PHL,6,43.398857720933236
IAD,SFO,0,18.805543768939334
IAD,SFO,1,-56.41117673032788
IAD,SFO,2,-42.171112383641095
IAD,SFO,3,1.612159882244696
IAD,SFO,4,-4.786954131086413
IAD,SFO,5,-18.110661301974663
IAD,SFO,6,101.0622008971996
JFK,ATL,0,-17.89522277220472
JFK,ATL,1,-15.949504456347244
JFK,ATL,2,-13.54963973659142
JFK,ATL,3,5.43613926042662
JFK,ATL,4,23.84150132913608
JFK,ATL,5,-8.504028709318748
JFK,ATL,6,26.620755085519637
JFK,BOS,0,-6.120078468673059
JFK,BOS,1,-34.86109317719278
JFK,BOS,2,-33.01073403747657
JFK,BOS,3,-11.442929473561849
JFK,BOS,4,5.919885933011936
JFK,BOS,5,34.27573488947861
JFK,BOS,6,45.23921433488248
JFK,CLT,0,-7.344976153940943
JFK,CLT,1,-34.17179180002929
JFK,CLT,2,-25.45086462879975
JFK,CLT,3,-0.3990616653314403
JFK,CLT,4,20.019676855314707
JFK,CLT,5,7.986959061696359
JFK,CLT,6,39.36005833163019
JFK,DEN,0,3.9194663213717273
JFK,DEN,1,-16.72411183626889
JFK,DEN,2,-11.528917441394194
JFK,DEN,3,1.2697078886810902
JFK,DEN,4,7.5738997764502605
JFK,DEN,5,-0.7999144106512445
JFK,DEN,6,16.289869702069026
JFK,DFW,0,36.145379758084346
JFK,DFW,1,-29.230705279292206
JFK,DFW,2,-39.62918804024249
JFK,DFW,3,1.7441523355385384
JFK,DFW,4,-10.317594422630606
JFK,DFW,5,-19.562404272820928
JFK,DFW,6,60.85035992222574
JFK,DTW,0,-4.014325328162445
JFK,DTW,1,-40.7488826653083
JFK,DTW,2,-27.333534228684574
JFK,DTW,3,-8.196329720781412
JFK,DTW,4,27.292994238838098
JFK,DTW,5,6.880998640174318
JFK,DTW,6,46.11907906458845
JFK,IAD,0,-0.6268141659841405
JFK,IAD,1,-33.0590388390679
JFK,IAD,2,-32.60444302478108
JFK,IAD,3,-12.730654527007212
JFK,IAD,4,13.34213270389768
JFK,IAD,5,7.234709521890834
JFK,IAD,6,58.44410833176637
JFK,LAX,0,0.8768727806485582
JFK,LAX,1,-64.25530929813526
JFK,LAX,2,-45.44800811088931
JFK,LAX,3,-2.1133178562131403
JFK,LAX,4,12.843147403623448
JFK,LAX,5,17.243941168909693
JFK,LAX,6,80.85267391294592
JFK,MIA,0,-12.144419630261792
JFK,MIA,1,-40.49829213667447
JFK,MIA,2,-37.37655301936323
JFK,MIA,3,20.622638717727938
JFK,MIA,4,37.55698558066352
JFK,MIA,5,-1.567270559977517
JFK,MIA,6,33.4069110486364
JFK,OAK,0,4.419678168989641
JFK,OAK,1,-59.91007611192277
JFK,OAK,2,-53.721757740108565
JFK,OAK,3,16.660837018716133
JFK,OAK,4,24.14350065736825
JFK,OAK,5,-37.10811583103269
JFK,OAK,6,105.51593383979323
JFK,ORD,0,-7.6595622263969005
JFK,ORD,1,-18.196759178326676
JFK,ORD,2,-16.096780421590864
JFK,ORD,3,4.051331594920604
JFK,ORD,4,25.13859619324557
JFK,ORD,5,-8.336375169603539
JFK,ORD,6,21.0995492082736
JFK,PHL,0,-33.71751340458837
JFK,PHL,1,-67.87333455401003
JFK,PHL,2,-47.35659580949782
JFK,PHL,3,-5.88821603230172
JFK,PHL,4,33.197321685139194
JFK,PHL,5,47.201532367250245
JFK,PHL,6,74.4368057489771
JFK,SFO,0,15.250436760641897
JFK,SFO,1,-52.31992575154809
JFK,SFO,2,-51.619319433737836
JFK,SFO,3,-18.033100044366233
JFK,SFO,4,-4.740286414537648
JFK,SFO,5,9.519954848654068
JFK,SFO,6,101.94224003597922
LAX,ATL,0,9.954665531846906
LAX,ATL,1,-31.639905269526725
LAX,ATL,2,-23.94572453118223
LAX,ATL,3,9.45312552300688
LAX,ATL,4,-2.721483989469604
LAX,ATL,5,-15.263267695186352
LAX,ATL,6,54.16259043132028
LAX,BOS,0,-1.0664815425094176
LAX,BOS,1,-56.42658656981089
LAX,BOS,2,-40.08387264633086
LAX,BOS,3,12.104091305248078
LAX,BOS,4,5.926330382893576
LAX,BOS,5,12.726779250471312
LAX,BOS,6,66.81973982083629
LAX,CLT,0,1.9867788780655669
LAX,CLT,1,-48.4203203703169
LAX,CLT,2,-24.857533727832372
LAX,CLT,3,35.23179254640536
LAX,CLT,4,5.3574425955421345
LAX,CLT,5,-31.1708942112926
LAX,CLT,6,61.87273429061427
LAX,DEN,0,16.167154327908346
LAX,DEN,1,-34.274826748218516
LAX,DEN,2,-34.62699582748991
LAX,DEN,3,7.006447109332167
LAX,DEN,4,16.15472512732941
LAX,DEN,5,-16.80681198830102
LAX,DEN,6,46.38030800026052
LAX,DFW,0,30.422883274665587
LAX,DFW,1,-23.6670113285488
LAX,DFW,2,-36.18524668214592
LAX,DFW,3,-2.9965916500715806
LAX,DFW,4,-2.1329345450917216
LAX,DFW,5,-20.005865834015115
LAX,DFW,6,54.564766766021826
LAX,DTW,0,10.74297361113882
LAX,DTW,1,-29.289174392980648
LAX,DTW,2,-30.281482860720445
LAX,DTW,3,16.089027584418783
LAX,DTW,4,1.0523781611867415
LAX,DTW,5,-14.467029211536959
LAX,DTW,6,46.15330710926247
LAX,EWR,0,15.131572077504583
LAX,EWR,1,-39.97969005305624
LAX,EWR,2,-31.311175091567613
LAX,EWR,3,3.598972044364582
LAX,EWR,4,-9.527046919735264
LAX,EWR,5,-5.5747733944405224
LAX,EWR,6,67.66214133775749
LAX,IAD,0,18.853224060564475
LAX,IAD,1,-54.51267143857827
LAX,IAD,2,-46.02457585998355
LAX,IAD,3,12.943939859099313
LAX,IAD,4,-15.912160192611173
LAX,IAD,5,-3.372021123452057
LAX,IAD,6,88.02426469605065
LAX,JFK,0,19.875005196502034
LAX,JFK,1,-63.148536065690145
LAX,JFK,2,-48.91144890438474
LAX,JFK,3,-7.917849501696293
LAX,JFK,4,-12.50211010530277
LAX,JFK,5,31.443639189056455
LAX,JFK,6,81.16130019223829
LAX,LGA,0,7.031927980180194
LAX,LGA,1,-55.227806517694056
LAX,LGA,2,-37.831513352393706
LAX,LGA,3,16.13754739672484
LAX,LGA,4,5.32004826655808
LAX,LGA,5,-1.081436981610323
LAX,LGA,6,65.65123320911754
LAX,MIA,0,-10.31610969533529
LAX,MIA,1,-46.010801547440686
LAX,MIA,2,-18.593716487774962
LAX,MIA,3,53.01662855407323
LAX,MIA,4,31.19771529630508
LAX,MIA,5,-26.874035477292182
LAX,MIA,6,17.580319358323614
LAX,OAK,0,5.733698630532289
LAX,OAK,1,-34.557327192668524
LAX,OAK,2,-49.02334742684239
LAX,OAK,3,-9.692827212102044
LAX,OAK,4,24.472296841178125
LAX,OAK,5,23.05193480063109
LAX,OAK,6,40.015571559750356
LAX,ORD,0,9.410209993514707
LAX,ORD,1,-33.98934420629018
LAX,ORD,2,-21.61316599597544
LAX,ORD,3,19.39965450176018
LAX,ORD,4,8.035139336294245
LAX,ORD,5,-38.348262919275534
LAX,ORD,6,57.10576929112225
LAX,PHL,0,-0.3018375249944047
LAX,PHL,1,-51.52155916706189
LAX,PHL,2,-33.15433022284766
LAX,PHL,3,32.05486469737407
LAX,PHL,4,0.8122864364182583
LAX,PHL,5,-16.944270569711705
LAX,PHL,6,69.05484635195414
LAX,SFO,0,28.410992199066904
LAX,SFO,1,-39.95380123340777
LAX,SFO,2,-45.20273291226742
LAX,SFO,3,-15.86447665456455
LAX,SFO,4,5.517680469769919
LAX,SFO,5,4.928509314624404
LAX,SFO,6,62.16382881746985
LGA,ATL,0,-12.58758662348159
LGA,ATL,1,-38.184464982636065
LGA,ATL,2,-35.064920491035146
LGA,ATL,3,1.3284245581607408
LGA,ATL,4,23.208313193524965
LGA,ATL,5,12.473823453207874
LGA,ATL,6,48.82641089294416
LGA,BOS,0,-29.613563301295745
LGA,BOS,1,-50.37301387597923
LGA,BOS,2,-42.074581863320795
LGA,BOS,3,-31.58126899584711
LGA,BOS,4,-13.839919630451236
LGA,BOS,5,121.46042905442586
LGA,BOS,6,46.0219186138063
LGA,CLT,0,-11.785657002159448
LGA,CLT,1,-33.24816414298443
LGA,CLT,2,-30.4981397247804
LGA,CLT,3,1.2225705858206874
LGA,CLT,4,26.417178667478264
LGA,CLT,5,13.65560950976116
LGA,CLT,6,34.236602107386425
LGA,DEN,0,3.565708646650178
LGA,DEN,1,-44.50865759321558
LGA,DEN,2,-34.49234362044405
LGA,DEN,3,8.458151101057961
LGA,DEN,4,12.506415394449283
LGA,DEN,5,0.437040382975319
LGA,DEN,6,54.03368568926086
LGA,DFW,0,18.014112583854004
LGA,DFW,1,-45.499018092229925
LGA,DFW,2,-47.145327423645746
LGA,DFW,3,-2.1632722532789037
LGA,DFW,4,11.579376645261801
LGA,DFW,5,1.780944229602201
LGA,DFW,6,63.433184311243366
LGA,DTW,0,-4.720929013213671
LGA,DTW,1,-46.3390162791548
LGA,DTW,2,-41.608761872315355
LGA,DTW,3,-4.768306266694865
LGA,DTW,4,28.971749526135937
LGA,DTW,5,16.72396173517932
LGA,DTW,6,51.741302170741015
LGA,IAD,0,1.0970593731658393
LGA,IAD,1,-53.99557968202796
LGA,IAD,2,-44.922256727084346
LGA,IAD,3,8.716645993243498
LGA,IAD,4,24.42288759398613
LGA,IAD,5,21.593085719836075
LGA,IAD,6,43.088157729428616
LGA,LAX,0,3.8967886875535065
LGA,LAX,1,-57.18035486476643
LGA,LAX,2,-47.766519398621405
LGA,LAX,3,-5.449682019891278
LGA,LAX,4,-1.2632610313444275
LGA,LAX,5,9.550232530089042
LGA,LAX,6,98.21279609808182
LGA,MIA,0,-14.572206925742263
LGA,MIA,1,-59.56594595959933
LGA,MIA,2,-46.96229730413921
LGA,MIA,3,17.273369364192156
LGA,MIA,4,41.444000926023676
LGA,MIA,5,17.04676109384307
LGA,MIA,6,45.336318806172365
LGA,OAK,0,7.170816964586746
LGA,OAK,1,-77.41513102665355
LGA,OAK,2,-82.14612416158042
LGA,OAK,3,2.836511752700402
LGA,OAK,4,34.92057622441651
LGA,OAK,5,-12.208731112847085
LGA,OAK,6,126.84208136124707
LGA,ORD,0,-7.407984210831076
LGA,ORD,1,-48.82532053150575
LGA,ORD,2,-44.39097273155421
LGA,ORD,3,11.03908855388347
LGA,ORD,4,27.27867933011878
LGA,ORD,5,10.245828070584984
LGA,ORD,6,52.0606815200574
LGA,PHL,0,-30.174117360023928
LGA,PHL,1,-65.69137677802318
LGA,PHL,2,-53.322068148034454
LGA,PHL,3,4.341990827595494
LGA,PHL,4,25.396138016587955
LGA,PHL,5,35.54455702812446
LGA,PHL,6,83.90487641490991
LGA,SFO,0,2.9254413897662968
LGA,SFO,1,-52.19328785308972
LGA,SFO,2,-50.86996072394962
LGA,SFO,3,9.617573479295059
LGA,SFO,4,7.180902552813312
LGA,SFO,5,-10.248117176203225
LGA,SFO,6,93.58744833269105
MIA,ATL,0,45.89431066955126
MIA,ATL,1,-48.90193467014523
MIA,ATL,2,-73.88945368276308
MIA,ATL,3,-43.8590082888049
MIA,ATL,4,4.3069646966678725
MIA,ATL,5,1.094931772092512
MIA,ATL,6,115.35418950470029
MIA,BOS,0,35.49012909328055
MIA,BOS,1,-66.97753503094819
MIA,BOS,2,-90.06534761076111
MIA,BOS,3,-55.52772429588729
MIA,BOS,4,2.9781440136591826
MIA,BOS,5,47.806756239727285
MIA,BOS,6,126.29557759202014
MIA,CLT,0,37.02024170825533
MIA,CLT,1,-57.980311708930245
MIA,CLT,2,-67.67130257922987
MIA,CLT,3,-42.00532746624903
MIA,CLT,4,3.8825701677186526
MIA,CLT,5,12.334848255694311
MIA,CLT,6,114.41928162393664
MIA,DEN,0,48.242758841046566
MIA,DEN,1,-50.2153087887785
MIA,DEN,2,-58.21905456708323
MIA,DEN,3,-46.43457291107345
MIA,DEN,4,-22.343501856634955
MIA,DEN,5,9.719275904041428
MIA,DEN,6,119.25040337959044
MIA,DFW,0,59.65389004395064
MIA,DFW,1,-45.49364538686128
MIA,DFW,2,-63.05494547393099
MIA,DFW,3,-39.952067051803404
MIA,DFW,4,-13.357711890595214
MIA,DFW,5,-12.212509096192322
MIA,DFW,6,114.4169888567043
MIA,DTW,0,36.561301652668526
MIA,DTW,1,-57.39499953665622
MIA,DTW,2,-78.51786804683438
MIA,DTW,3,-48.66763877771874
MIA,DTW,4,8.252780844020924
MIA,DTW,5,14.131723322391737
MIA,DTW,6,125.63470054347961
MIA,EWR,0,73.35638183219174
MIA,EWR,1,-62.4541886965312
MIA,EWR,2,-98.47428739771607
MIA,EWR,3,-66.41233666325061
MIA,EWR,4,-7.257208981864286
MIA,EWR,5,18.588300856572257
MIA,EWR,6,142.65333905197602
MIA,IAD,0,54.56948456137123
MIA,IAD,1,-70.3291746294623
MIA,IAD,2,-93.49371695615704
MIA,IAD,3,-72.74578726676259
MIA,IAD,4,4.043038892400706
MIA,IAD,5,18.84771366063872
MIA,IAD,6,159.1084417396148
MIA,JFK,0,36.88720854510069
MIA,JFK,1,-49.3545432520359
MIA,JFK,2,-71.761455270036
MIA,JFK,3,-35.50269918660124
MIA,JFK,4,5.967291208394589
MIA,JFK,5,22.906385645271055
MIA,JFK,6,90.85781231079397
MIA,LAX,0,34.60067080495728
MIA,LAX,1,-48.33373716521063
MIA,LAX,2,-56.55223537529736
MIA,LAX,3,-44.183815306389
MIA,LAX,4,-23.059226833324878
MIA,LAX,5,0.4623760887793343
MIA,LAX,6,137.06596778793713
MIA,LGA,0,32.76484618800999
MIA,LGA,1,-61.25480268663866
MIA,LGA,2,-90.7007267903255
MIA,LGA,3,-46.06200657911722
MIA,LGA,4,11.770270858008121
MIA,LGA,5,42.290208696906255
MIA,LGA,6,111.19221031418145
MIA,OAK,0,39.2257264785521
MIA,OAK,1,-79.80880417995351
MIA,OAK,2,-64.53129825913022
MIA,OAK,3,-46.187205763901716
MIA,OAK,4,-4.21770825184489
MIA,OAK,5,0.039076045719133014
MIA,OAK,6,155.4802139322852
MIA,ORD,0,39.873475362896514
MIA,ORD,1,-61.820144321428636
MIA,ORD,2,-72.70745350972715
MIA,ORD,3,-35.887088716933256
MIA,ORD,4,6.787984280487796
MIA,ORD,5,-9.902199273204047
MIA,ORD,6,133.65542617955327
MIA,PHL,0,49.896919395172
MIA,PHL,1,-61.99903989028008
MIA,PHL,2,-78.35544168380243
MIA,PHL,3,-41.92114442041129
MIA,PHL,4,3.4181943716865453
MIA,PHL,5,-3.25017681249784
MIA,PHL,6,132.21068904165057
MIA,SFO,0,45.44723716321704
MIA,SFO,1,-59.11192337295253
MIA,SFO,2,-76.69503454855919
MIA,SFO,3,-47.130773925894005
MIA,SFO,4,-31.63643416176892
MIA,SFO,5,9.210152792130415
MIA,SFO,6,159.91677605542557
OAK,ATL,0,-22.36877627239982
OAK,ATL,1,-55.73904994989304
OAK,ATL,2,-28.918852137970802
OAK,ATL,3,25.807762674874873
OAK,ATL,4,17.36594094208715
OAK,ATL,5,-14.719425477668567
OAK,ATL,6,78.57240022226021
OAK,BOS,0,-28.57254820491838
OAK,BOS,1,-72.48914327117363
OAK,BOS,2,-33.96645090207375
OAK,BOS,3,28.53657127842031
OAK,BOS,4,31.78585301867545
OAK,BOS,5,8.420851373843258
OAK,BOS,6,66.28486670825875
OAK,CLT,0,-0.46524823768680346
OAK,CLT,1,-81.88248806980697
OAK,CLT,2,-46.29892362785957
OAK,CLT,3,69.74886191444983
OAK,CLT,4,10.315354963164129
OAK,CLT,5,-48.449948748443724
OAK,CLT,6,97.03239180812484
OAK,DEN,0,1.3322915459147329
OAK,DEN,1,-34.734341196783475
OAK,DEN,2,-25.831406638733398
OAK,DEN,3,15.52273675885088
OAK,DEN,4,23.08704585573066
OAK,DEN,5,-12.106388690484778
OAK,DEN,6,32.7300623661901
OAK,DFW,0,10.323485282274774
OAK,DFW,1,-35.00916733718139
OAK,DFW,2,-29.233321555733827
OAK,DFW,3,-7.215080818611073
OAK,DFW,4,11.69555682542115
OAK,DFW,5,-14.677747014103241
OAK,DFW,6,64.11627461889091
OAK,DTW,0,11.708723615397593
OAK,DTW,1,-31.289401765920484
OAK,DTW,2,-31.01805520809903
OAK,DTW,3,2.244224892724238
OAK,DTW,4,2.176211193732645
OAK,DTW,5,-16.321930683973232
OAK,DTW,6,62.50022795705694
OAK,EWR,0,4.589812137906938
OAK,EWR,1,-49.638395143859505
OAK,EWR,2,-45.423743391173105
OAK,EWR,3,14.483125819852352
OAK,EWR,4,7.503094977558592
OAK,EWR,5,-8.250291577361839
OAK,EWR,6,76.7363971781783
OAK,IAD,0,-4.207574105908347
OAK,IAD,1,-63.37637123056842
OAK,IAD,2,-62.03716230706225
OAK,IAD,3,31.576163559350967
OAK,IAD,4,30.404780903124333
OAK,IAD,5,-9.734386844742733
OAK,IAD,6,77.37455002713065
OAK,JFK,0,11.597704563013716
OAK,JFK,1,-78.47600664107556
OAK,JFK,2,-68.9313643833201
OAK,JFK,3,7.663605352546244
OAK,JFK,4,14.98316864754018
OAK,JFK,5,2.910442586314764
OAK,JFK,6,110.25244987638999
OAK,LAX,0,-8.872315178720543
OAK,LAX,1,-35.72945673841369
OAK,LAX,2,-30.674958655137925
OAK,LAX,3,-3.618660240128952
OAK,LAX,4,26.921549072149944
OAK,LAX,5,21.65802723341558
OAK,LAX,6,30.31581450725982
OAK,LGA,0,-15.934889040032512
OAK,LGA,1,-110.14037225464264
OAK,LGA,2,-79.08464378137434
OAK,LGA,3,50.086582095868806
OAK,LGA,4,37.401660643724284
OAK,LGA,5,12.09396795674421
OAK,LGA,6,105.57769438133279
OAK,MIA,0,-27.838545392987694
OAK,MIA,1,-66.43490005767363
OAK,MIA,2,-40.85779532929143
OAK,MIA,3,54.512645881333135
OAK,MIA,4,39.33126108441784
OAK,MIA,5,-17.845717745265016
OAK,MIA,6,59.13305156079678
OAK,ORD,0,5.407587587646836
OAK,ORD,1,-33.72609193237446
OAK,ORD,2,-9.232917205335813
OAK,ORD,3,10.973506827342206
OAK,ORD,4,8.490213953314276
OAK,ORD,5,-31.73008006315395
OAK,ORD,6,49.817780833551275
OAK,PHL,0,-27.062027951920783
OAK,PHL,1,-66.3679128200142
OAK,PHL,2,-51.103725978652065
OAK,PHL,3,51.108491620585106
OAK,PHL,4,22.99121080951587
OAK,PHL,5,-22.972447813367246
OAK,PHL,6,93.40641213559181
OAK,SFO,0,1.5878612444997389
OAK,SFO,1,-41.28025615091749
OAK,SFO,2,-45.05407263410938
OAK,SFO,3,-11.212343248063217
OAK,SFO,4,21.62299721791275
OAK,SFO,5,-2.7107986075380253
OAK,SFO,6,77.04661217929345
ORD,ATL,0,19.28246163288595
ORD,ATL,1,-40.95557363306241
ORD,ATL,2,-31.55246661675593
ORD,ATL,3,14.628942549911862
ORD,ATL,4,16.240719406410182
ORD,ATL,5,-20.688705127041043
ORD,ATL,6,43.04462178850268
ORD,BOS,0,9.621687205862457
ORD,BOS,1,-59.9885291544569
ORD,BOS,2,-51.62734295680258
ORD,BOS,3,-14.539600394606985
ORD,BOS,4,2.538546353076967
ORD,BOS,5,18.50734443257895
ORD,BOS,6,95.48789451532744
ORD,CLT,0,6.37879857222811
ORD,CLT,1,-40.84522563145544
ORD,CLT,2,-35.21557867200436
ORD,CLT,3,7.699668293276977
ORD,CLT,4,7.117065919683113
ORD,CLT,5,-11.776934749628587
ORD,CLT,6,66.64220626887207
ORD,DEN,0,1.9279756709048987
ORD,DEN,1,-49.85895530822681
ORD,DEN,2,-8.730512121121523
ORD,DEN,3,37.376485238336585
ORD,DEN,4,3.1353309551083957
ORD,DEN,5,-34.49683720551071
ORD,DEN,6,50.64651277158412
ORD,DFW,0,37.06044927400031
ORD,DFW,1,-37.4566378999271
ORD,DFW,2,-16.749141820933325
ORD,DFW,3,18.81612533282959
ORD,DFW,4,-8.66668028921295
ORD,DFW,5,-54.30661604559403
ORD,DFW,6,61.30250145009946
ORD,DTW,0,21.90178535801895
ORD,DTW,1,-11.364830530907977
ORD,DTW,2,-28.697613011215008
ORD,DTW,3,6.054496249661969
ORD,DTW,4,-12.065218774189857
ORD,DTW,5,1.6099111893541198
ORD,DTW,6,22.561469519730114
ORD,EWR,0,23.16902789697075
ORD,EWR,1,-41.623046509597124
ORD,EWR,2,-48.15469298797657
ORD,EWR,3,-17.13591465693842
ORD,EWR,4,1.9598660379878312
ORD,EWR,5,-0.5013474260941762
ORD,EWR,6,82.28610764660596
ORD,IAD,0,13.488082895209615
ORD,IAD,1,-54.62635082071736
ORD,IAD,2,-35.15089330046191
ORD,IAD,3,-4.4605878207014875
ORD,IAD,4,19.742727103212804
ORD,IAD,5,-31.95679816508809
ORD,IAD,6,92.96382011006564
ORD,JFK,0,4.551056693171111
ORD,JFK,1,-26.11753878573504
ORD,JFK,2,-19.324187299944434
ORD,JFK,3,6.465348648530147
ORD,JFK,4,15.411492351241469
ORD,JFK,5,-8.968522105262359
ORD,JFK,6,27.98235049852593
ORD,LAX,0,12.953953987998192
ORD,LAX,1,-31.075231960230656
ORD,LAX,2,-14.939920388931075
ORD,LAX,3,9.695728564320813
ORD,LAX,4,-3.8256719078510018
ORD,LAX,5,-39.55214264158896
ORD,LAX,6,66.74328434747719
ORD,LGA,0,11.064586175608694
ORD,LGA,1,-41.50997452911864
ORD,LGA,2,-49.37777787923242
ORD,LGA,3,-12.750778349148039
ORD,LGA,4,2.742614356356168
ORD,LGA,5,11.080594851437628
ORD,LGA,6,78.75073537495481
ORD,MIA,0,-9.270917899172618
ORD,MIA,1,-65.98566433005446
ORD,MIA,2,-38.41582595838915
ORD,MIA,3,33.30732695799761
ORD,MIA,4,53.066004529551755
ORD,MIA,5,-13.079936993562987
ORD,MIA,6,40.37901369467698
ORD,OAK,0,6.859667278532558
ORD,OAK,1,-36.806474453066606
ORD,OAK,2,-6.246151730326362
ORD,OAK,3,2.6910710862348717
ORD,OAK,4,6.63662302283998
ORD,OAK,5,-29.880979305163
ORD,OAK,6,56.746244101980466
ORD,PHL,0,20.702100445960586
ORD,PHL,1,-50.19398045001601
ORD,PHL,2,-39.66223973717984
ORD,PHL,3,20.29174598528543
ORD,PHL,4,33.07169755621865
ORD,PHL,5,-35.00728536790629
ORD,PHL,6,50.79796156883575
ORD,SFO,0,22.838617990576132
ORD,SFO,1,-35.941880988785485
ORD,SFO,2,-21.058912867043315
ORD,SFO,3,7.019454317391646
ORD,SFO,4,-35.526486673777974
ORD,SFO,5,-42.17703649898335
ORD,SFO,6,104.84624472214762
PHL,ATL,0,8.127220081520248
PHL,ATL,1,-43.74751634406223
PHL,ATL,2,-20.09989749561748
PHL,ATL,3,10.89403830497184
PHL,ATL,4,21.801593819788884
PHL,ATL,5,-9.75654576245117
PHL,ATL,6,32.78110739655087
PHL,BOS,0,4.831519182890607
PHL,BOS,1,-40.08421272520007
PHL,BOS,2,-40.15653666930893
PHL,BOS,3,-12.095397657120019
PHL,BOS,4,-0.16747402194671215
PHL,BOS,5,27.955622023577522
PHL,BOS,6,59.71647986767179
PHL,CLT,0,20.019511269195238
PHL,CLT,1,-69.49138498514309
PHL,CLT,2,-46.96175690338105
PHL,CLT,3,19.597315854685
PHL,CLT,4,47.82120841407686
PHL,CLT,5,-22.60035386986698
PHL,CLT,6,51.61546022170555
PHL,DEN,0,21.852800698861728
PHL,DEN,1,-37.05184936829631
PHL,DEN,2,-23.505364939382677
PHL,DEN,3,12.177226247228939
PHL,DEN,4,6.986447064887507
PHL,DEN,5,-29.403010796913883
PHL,DEN,6,48.9437510945459
PHL,DFW,0,60.96808701412948
PHL,DFW,1,-46.38277609006323
PHL,DFW,2,-38.56235380075087
PHL,DFW,3,-5.017551344900238
PHL,DFW,4,27.707976933755845
PHL,DFW,5,-41.20333839268394
PHL,DFW,6,42.48995568181781
PHL,DTW,0,23.343146475033006
PHL,DTW,1,-44.33148569136599
PHL,DTW,2,-49.21588304885791
PHL,DTW,3,-6.568859700174807
PHL,DTW,4,25.024454542534013
PHL,DTW,5,2.4747146499007977
PHL,DTW,6,49.273912773662076
PHL,EWR,0,9.994972288559536
PHL,EWR,1,-48.37330506894768
PHL,EWR,2,-44.1209801533101
PHL,EWR,3,-7.645115088698495
PHL,EWR,4,23.32583799821525
PHL,EWR,5,12.557110513050823
PHL,EWR,6,54.26147951180251
PHL,IAD,0,26.716963681442305
PHL,IAD,1,-30.900962228063086
PHL,IAD,2,-40.038818533904845
PHL,IAD,3,-12.378281106713724
PHL,IAD,4,3.086320843924155
PHL,IAD,5,-12.234670479524741
PHL,IAD,6,65.74944782371243
PHL,JFK,0,-1.018170658724379
PHL,JFK,1,-49.35941551891833
PHL,JFK,2,-36.10544682638392
PHL,JFK,3,-5.082115372700744
PHL,JFK,4,8.311467936315449
PHL,JFK,5,30.956370549902037
PHL,JFK,6,52.29730989102798
PHL,LAX,0,32.22280448546385
PHL,LAX,1,-41.071191508323544
PHL,LAX,2,-34.21678170229155
PHL,LAX,3,10.936046579606122
PHL,LAX,4,-7.621570038162616
PHL,LAX,5,-29.830395356008495
PHL,LAX,6,69.5810875408137
PHL,LGA,0,-0.29529504861981654
PHL,LGA,1,-59.16913758310906
PHL,LGA,2,-68.47804970386044
PHL,LGA,3,-30.224544115788667
PHL,LGA,4,27.16800807031764
PHL,LGA,5,57.040645170056585
PHL,LGA,6,73.95837321178676
PHL,MIA,0,-1.8462913412691333
PHL,MIA,1,-80.58680011833522
PHL,MIA,2,-40.06127639350438
PHL,MIA,3,42.28358963917057
PHL,MIA,4,67.30779706813732
PHL,MIA,5,-19.196141607584284
PHL,MIA,6,32.09912275466175
PHL,OAK,0,46.77690594676762
PHL,OAK,1,-51.86284952502332
PHL,OAK,2,-63.325579771117916
PHL,OAK,3,1.101691990826146
PHL,OAK,4,15.699307133002884
PHL,OAK,5,-40.72350120866743
PHL,OAK,6,92.33402543577618
PHL,ORD,0,19.720644922949575
PHL,ORD,1,-39.11327239919685
PHL,ORD,2,-37.56883804798409
PHL,ORD,3,14.003549507825563
PHL,ORD,4,35.594545736667925
PHL,ORD,5,-26.187657594030938
PHL,ORD,6,33.55102787472071
PHL,SFO,0,47.97484416892301
PHL,SFO,1,-53.72800040243728
PHL,SFO,2,-51.15856580261452
PHL,SFO,3,0.8842683997787343
PHL,SFO,4,-8.517645339135942
PHL,SFO,5,-33.11452848063528
PHL,SFO,6,97.65962745753977
SFO,ATL,0,-27.11283630344097
SFO,ATL,1,-61.96553241283542
SFO,ATL,2,-20.801190651044816
SFO,ATL,3,26.30481421388663
SFO,ATL,4,36.99019901525219
SFO,ATL,5,3.7927886791119
SFO,ATL,6,42.791757459867235
SFO,BOS,0,-22.40208059986821
SFO,BOS,1,-80.16682400430162
SFO,BOS,2,-56.59883652788862
SFO,BOS,3,21.63042462432309
SFO,BOS,4,50.46107361595879
SFO,BOS,5,10.612794924234354
SFO,BOS,6,76.46344796874675
SFO,CLT,0,-33.571276644288844
SFO,CLT,1,-67.83360339234996
SFO,CLT,2,-25.264090389041883
SFO,CLT,3,45.26282955196994
SFO,CLT,4,33.73259298716109
SFO,CLT,5,-12.309654213958197
SFO,CLT,6,59.98320210168355
SFO,DEN,0,-6.424234735024907
SFO,DEN,1,-53.06819301122999
SFO,DEN,2,-39.48779535822328
SFO,DEN,3,27.728120740650127
SFO,DEN,4,29.927376113891484
SFO,DEN,5,-13.959913907019851
SFO,DEN,6,55.28464015801181
SFO,DFW,0,23.308866997766994
SFO,DFW,1,-50.84066847537026
SFO,DFW,2,-49.93998277582885
SFO,DFW,3,6.576930729288533
SFO,DFW,4,28.35986487265344
SFO,DFW,5,-13.131596044390296
SFO,DFW,6,55.66658469686923
SFO,DTW,0,-25.459401747367714
SFO,DTW,1,-59.49133497687835
SFO,DTW,2,-29.05839460806536
SFO,DTW,3,36.79549684220978
SFO,DTW,4,21.071340990804252
SFO,DTW,5,9.714482178970371
SFO,DTW,6,46.42781132115111
SFO,EWR,0,2.9994717845083825
SFO,EWR,1,-66.87144727163927
SFO,EWR,2,-38.38661463384879
SFO,EWR,3,7.323861726050495
SFO,EWR,4,20.989983127571872
SFO,EWR,5,4.441105585578301
SFO,EWR,6,69.50363968270493
SFO,IAD,0,-19.566777445081936
SFO,IAD,1,-73.32235126884794
SFO,IAD,2,-49.94126869031515
SFO,IAD,3,38.53722478482808
SFO,IAD,4,35.47458042028706
SFO,IAD,5,-6.87440446761632
SFO,IAD,6,75.692996668057
SFO,JFK,0,10.899934424698529
SFO,JFK,1,-73.61266580150965
SFO,JFK,2,-64.04613420228127
SFO,JFK,3,-3.9591466230250583
SFO,JFK,4,17.728116258478657
SFO,JFK,5,20.723323137079596
SFO,JFK,6,92.26657280758442
SFO,LAX,0,-16.681902116870873
SFO,LAX,1,-51.79817121662262
SFO,LAX,2,-35.269952123057436
SFO,LAX,3,26.47349826551236
SFO,LAX,4,55.79899373830837
SFO,LAX,5,-10.519168241760994
SFO,LAX,6,31.996701695457784
SFO,LGA,0,-11.94942381223786
SFO,LGA,1,-73.57337586487763
SFO,LGA,2,-51.48131850129998
SFO,LGA,3,11.812617024836701
SFO,LGA,4,40.52420258081851
SFO,LGA,5,14.176778681498543
SFO,LGA,6,70.49051989226732
SFO,MIA,0,-37.2682041695904
SFO,MIA,1,-67.97280745247474
SFO,MIA,2,-19.598264732270454
SFO,MIA,3,60.0990924570435
SFO,MIA,4,45.484683515609014
SFO,MIA,5,-6.369111536183129
SFO,MIA,6,25.62461191873673
SFO,OAK,0,-10.790406632728056
SFO,OAK,1,-48.061584844373094
SFO,OAK,2,-43.98942146628733
SFO,OAK,3,3.1355417321583032
SFO,OAK,4,47.08212431066753
SFO,OAK,5,0.6701619583485933
SFO,OAK,6,51.953584943156
SFO,ORD,0,-13.314907830162886
SFO,ORD,1,-57.135055919465614
SFO,ORD,2,-27.0439356847429
SFO,ORD,3,40.88879770658245
SFO,ORD,4,39.90900105751114
SFO,ORD,5,-24.987345097039455
SFO,ORD,6,41.68344576840509
SFO,PHL,0,-15.854421278943013
SFO,PHL,1,-82.59735454015369
SFO,PHL,2,-35.405662490581754
SFO,PHL,3,36.58686616480602
SFO,PHL,4,44.67015013851973
SFO,PHL,5,-28.664545157980008
SFO,PHL,6,81.26496716594055
